2025-09-23T08:54:35.793809,hello
2025-09-23T08:54:44.973542,boang si jesan
2025-09-23T08:57:07.358131,thanks
2025-09-25T03:55:50.389627,hello
2025-09-25T03:55:59.128782,what happens if my adviser has not approved my subjects yet?
2025-09-25T03:56:03.380477,what should i do if i lost my cor?
2025-09-25T03:56:58.609023,does edp process shifting courses?
2025-09-25T03:57:13.924502,can i request a subject overload online?
2025-09-25T03:57:46.633483,how do i apply for graduation?
2025-09-25T03:59:03.206253,requirements
2025-09-25T03:59:13.401933,when will the class schedules be released?
2025-09-25T04:05:26.023254,requirements
2025-09-25T07:25:51.683377,hi
2025-09-25T07:26:06.531768,tagpila ang burger sa canteen
2025-09-25T07:26:15.770814,how do i request my cor?
2025-09-25T07:28:00.211306,where do we go if you cant answer our questions
2025-09-25T08:47:00.434077,hello
2025-09-25T08:47:05.356297,can i enroll late?
2025-09-25T08:47:11.645022,what is dog
2025-09-25T09:43:59.245672,grades
2025-09-25T09:44:07.957214,what should i do if i find an error in my grades?
2025-09-30T08:55:57.466171,hi
2025-09-30T08:55:57.696457,hi
2025-09-30T09:04:42.284152,can i request a copy of my grades from edp?
2025-09-30T09:04:47.573072,can i request a certificate of enrollment from edp?
2025-09-30T09:04:50.287401,can i cross-enroll subjects online?
